Code,Area,1996,,,,1997,,,,1998,,,,1999,,,,2000,,,,2001,,,,2002,,,,2003,,,,2004,,,,2005,,,,2006,,,,2007,,,,2008,,,,2009,,,,2010,,,,2011,,,,2012,,,,2013,,,,2014,,,,2015,,
E09000001,City of London,"132,500","115,000","133,875","115,000","132,621","135,000","138,250","151,000","168,250","160,000","162,500","195,000","181,950","171,000","187,000","185,000","191,498","196,000","220,000","232,000","237,950","249,000","212,000","262,550","200,769","235,000","267,000","302,500","312,000","280,000","275,000","280,000","292,000","300,000","310,000","301,250","290,000","292,250","315,000","315,500","300,000","307,500","367,500","370,000","382,500","392,500","445,000","440,250","395,000","352,000","473,500","362,500","370,000","345,500","431,500","471,250","421,000","430,000","485,000","429,950","475,000","440,750","460,000","482,000","480,000","425,000","482,500","499,000","605,000","601,000","599,000","655,000","685,000","720,000","752,125","850,000","837,500","799,999","827,500"
E09000002,Barking and Dagenham,"52,000","49,000","49,250","49,500","51,000","52,000","54,000","55,500","57,500","59,250","59,995","60,000","62,500","63,000","64,748","68,000","71,998","76,000","79,000","82,000","82,000","86,000","90,000","97,000","98,000","106,995","121,500","131,500","135,000","137,500","142,000","147,995","150,000","158,000","165,000","165,000","162,000","160,000","163,000","165,000","162,000","165,000","170,000","172,000","177,000","180,000","190,000","190,000","195,000","193,000","190,000","180,000","170,000","155,000","155,000","160,000","167,000","170,000","173,000","173,998","170,000","166,500","173,000","169,000","173,000","170,498","175,000","177,998","176,000","176,995","180,000","185,050","200,000","212,250","222,500","220,000","227,000","240,000","255,000"
E09000003,Barnet,"82,500","84,000","91,875","89,500","94,500","94,000","105,000","112,000","109,750","116,000","115,000","113,250","123,500","129,950","140,000","143,000","155,000","160,000","159,000","160,000","160,000","171,000","181,750","178,000","189,000","200,000","225,000","214,950","227,500","230,000","235,000","240,000","245,000","249,995","250,000","249,000","244,500","250,000","265,000","249,995","250,000","269,000","290,000","279,973","285,000","282,500","314,950","302,225","275,000","284,475","295,000","270,000","260,000","277,475","300,000","300,000","317,750","320,000","335,000","327,000","331,000","320,000","330,000","315,000","305,000","343,500","342,500","325,000","315,000","325,000","365,000","375,000","375,000","382,250","435,000","405,000","430,000","446,500","475,000"
E09000004,Bexley,"60,500","65,000","64,500","69,000","69,725","71,000","71,000","73,998","78,000","78,500","79,000","80,000","81,000","84,995","86,000","92,000","93,500","95,998","105,000","104,000","107,000","110,000","119,995","121,000","125,000","134,250","145,000","152,000","155,000","162,500","165,000","169,995","166,500","175,000","179,995","180,000","180,000","180,500","185,000","185,250","185,000","192,500","195,000","201,500","200,500","209,500","218,250","217,500","215,000","212,000","210,000","195,000","186,000","199,498","198,000","198,000","212,000","211,750","215,000","218,000","208,000","220,000","220,000","215,000","205,000","210,000","217,000","210,000","220,000","220,000","225,000","232,750","241,000","250,000","260,000","260,000","257,000","257,000","294,998"
E09000005,Brent,"71,000","71,500","75,000","73,000","76,000","80,000","85,000","88,563","89,000","95,000","98,750","102,000","103,000","105,000","115,000","125,000","130,000","140,000","141,000","146,000","145,000","157,000","162,000","162,500","165,000","185,000","200,000","200,000","203,000","208,995","217,500","216,000","217,000","228,000","229,950","223,500","235,000","240,000","246,000","245,000","243,000","248,500","250,000","258,950","260,000","274,000","295,000","290,000","280,000","290,000","275,000","260,000","250,000","272,250","281,000","275,000","250,000","273,000","300,000","294,999","288,000","296,500","310,000","302,750","305,000","327,250","325,000","325,000","315,875","340,000","369,000","348,000","360,000","375,000","405,000","397,050","407,500","424,000","428,205"
E09000006,Bromley,"76,150","80,000","82,875","82,000","82,000","85,000","88,500","90,000","93,000","97,500","104,950","102,500","101,000","115,250","120,000","122,000","127,000","135,000","143,000","138,000","138,000","149,850","155,000","158,500","159,950","172,000","186,500","189,950","198,000","200,000","207,250","210,000","212,500","225,000","230,000","233,000","220,000","225,000","232,000","240,000","234,000","238,750","246,000","248,000","248,800","250,000","274,500","270,000","259,000","250,000","250,000","249,000","241,500","240,000","250,000","250,000","267,250","277,250","285,000","272,500","260,000","275,000","295,000","270,000","258,500","277,000","290,000","280,000","275,000","285,000","302,950","305,000","300,000","330,000","355,000","350,000","348,000","367,998","399,998"
E09000007,Camden,"112,250","135,000","127,500","130,000","140,000","146,125","142,000","155,000","150,000","160,000","165,000","167,000","170,000","185,000","197,000","205,000","230,000","235,000","245,000","240,000","247,000","249,999","250,000","250,000","250,000","275,000","296,250","286,000","269,475","290,000","284,500","263,000","280,000","313,000","320,000","300,000","305,000","335,000","335,000","325,000","355,250","345,000","352,250","379,475","410,000","390,000","420,000","425,000","433,000","470,000","460,000","400,000","400,000","412,500","420,000","422,500","455,000","457,500","485,000","490,000","499,500","470,000","485,000","475,000","475,000","490,000","525,000","534,500","490,000","588,750","632,000","595,077","625,000","692,500","698,100","679,000","655,000","672,500","735,000"
E09000008,Croydon,"60,000","63,000","66,995","65,500","66,375","69,302","74,000","74,000","74,000","77,000","81,000","81,950","81,500","86,000","90,000","94,950","98,500","110,000","115,000","115,375","115,000","122,500","133,000","130,000","134,725","148,000","156,000","160,000","166,950","170,000","175,000","177,725","180,000","184,725","190,000","190,000","191,000","199,950","196,000","193,000","194,500","200,500","210,000","213,000","215,000","218,000","229,950","229,950","230,000","230,000","232,000","217,500","210,000","200,000","202,500","200,000","218,000","219,250","229,725","219,975","210,000","218,000","225,000","220,000","220,000","235,000","230,000","234,000","227,000","226,500","248,000","244,725","249,950","250,000","283,100","280,000","277,500","291,000","315,000"
E09000009,Ealing,"75,000","80,000","82,000","82,000","83,000","87,250","96,000","95,500","95,000","106,000","105,000","101,725","109,950","120,000","129,950","137,000","137,000","148,000","145,725","146,000","150,000","160,000","171,000","162,950","170,000","185,000","205,000","201,500","202,500","215,000","212,250","216,500","224,000","230,000","242,500","236,000","232,000","238,500","242,000","235,000","240,000","243,000","250,000","249,999","250,000","265,000","280,000","286,750","284,000","277,500","250,000","250,000","248,500","260,000","271,000","262,000","283,500","269,475","282,000","278,638","281,000","284,000","305,000","297,000","276,750","314,975","320,000","325,000","309,000","340,000","332,000","330,000","365,000","380,000","407,500","395,000","400,000","408,250","450,000"
E09000010,Enfield,"64,748","70,000","71,000","72,838","73,000","78,500","79,000","80,000","82,500","83,000","85,500","87,500","87,000","90,000","96,000","98,500","105,000","113,000","118,000","117,500","119,995","126,000","133,000","134,000","132,500","147,000","160,000","170,000","178,000","173,000","183,500","183,000","182,000","191,000","200,000","200,000","200,000","200,000","200,000","200,000","203,250","210,000","218,000","213,000","220,000","234,000","240,000","239,995","235,000","234,600","235,000","222,500","220,000","223,000","228,000","223,000","235,000","240,000","246,500","240,000","245,000","228,250","245,000","242,000","237,000","246,000","250,000","250,000","249,975","248,500","250,000","270,000","266,998","280,000","300,000","300,000","293,000","314,995","335,000"
E09000011,Greenwich,"60,000","65,500","66,000","62,000","60,000","65,000","68,000","67,625","71,500","74,250","77,000","77,000","78,995","85,000","95,000","100,000","94,100","106,500","112,500","109,500","114,000","118,995","127,000","125,000","135,000","145,000","153,000","155,748","159,000","167,500","175,000","172,000","170,000","177,495","189,995","187,000","195,000","200,000","199,995","200,000","196,000","204,000","219,995","210,000","211,498","220,000","229,995","230,000","230,000","240,000","230,000","215,000","204,500","214,500","233,000","220,250","245,000","245,000","247,500","240,000","245,000","250,000","250,000","235,750","240,000","247,000","250,000","245,000","250,000","265,000","280,000","285,000","289,000","339,450","315,000","315,000","300,000","322,000","351,000"
E09000012,Hackney,"64,000","62,325","69,975","67,500","68,000","75,000","78,000","82,250","82,000","87,250","87,250","94,000","95,000","110,000","118,000","119,500","129,000","135,000","139,000","140,000","140,000","160,000","167,500","170,000","160,000","175,000","188,000","195,000","185,000","195,000","200,000","197,000","200,000","215,000","220,000","217,000","210,000","220,000","225,000","225,000","234,000","241,000","250,000","250,000","249,995","250,000","280,000","278,000","260,000","288,000","262,000","250,000","275,000","240,000","299,000","280,000","288,250","306,750","305,000","275,000","295,975","294,200","325,000","320,000","290,000","320,000","330,000","350,000","340,750","382,000","385,000","375,000","405,000","430,000","446,555","435,000","413,625","488,792","490,000"
E09000013,Hammersmith and Fulham,"115,000","115,000","120,500","122,500","122,500","127,500","145,000","140,000","153,625","156,450","162,000","155,000","160,750","175,000","200,000","210,000","215,000","220,000","220,000","230,000","230,000","235,000","249,950","249,925","245,000","269,000","273,000","270,000","262,500","280,250","280,000","282,500","288,000","325,000","309,000","280,000","297,000","330,000","340,000","315,000","330,000","352,500","366,500","350,000","390,000","399,950","450,000","413,500","449,950","426,000","449,000","400,000","400,000","390,000","430,000","430,000","435,000","460,000","475,000","433,750","437,475","480,000","490,000","457,250","452,500","495,000","499,950","500,000","539,426","525,000","600,000","570,000","585,000","630,000","726,500","735,000","702,500","725,000","741,750"
E09000014,Haringey,"66,750","70,000","72,750","75,000","74,500","78,000","85,000","85,000","86,500","93,475","97,000","90,000","91,000","109,998","118,250","119,000","119,000","135,000","135,000","134,750","145,000","148,000","153,000","153,000","155,000","172,750","190,000","192,500","184,000","190,000","195,500","195,000","195,000","212,250","223,000","220,000","215,000","230,000","230,000","224,500","224,500","235,000","248,000","243,000","249,950","267,750","286,500","278,000","261,500","273,500","250,000","250,000","247,500","250,000","280,000","255,000","275,000","285,000","304,000","290,000","300,000","309,225","312,750","291,000","299,950","328,000","310,000","320,000","305,000","325,000","360,000","345,000","359,548","400,000","435,000","420,000","408,250","400,000","474,475"
E09000015,Harrow,"78,500","80,000","83,000","85,000","86,500","91,625","99,000","101,250","100,000","105,000","115,000","107,000","111,000","116,500","127,000","135,000","140,000","145,000","150,000","151,500","150,000","161,500","170,000","173,500","175,500","190,000","206,500","215,000","215,650","230,000","235,000","234,750","230,000","242,500","249,950","249,700","244,750","248,250","249,950","250,000","247,000","250,000","263,500","268,000","260,000","275,975","295,000","292,950","284,000","277,500","277,000","250,000","246,000","250,000","260,125","270,000","280,000","285,000","300,000","304,000","290,000","285,000","300,000","297,000","285,000","313,000","308,000","299,500","308,125","320,000","335,725","330,000","349,000","360,000","381,000","386,000","385,000","392,000","410,000"
E09000016,Havering,"66,250","67,000","68,995","70,000","68,500","73,500","75,500","77,000","77,000","83,625","84,500","85,000","85,000","89,000","90,000","94,500","97,500","110,000","109,000","116,000","111,000","119,998","124,000","128,000","127,613","140,000","149,000","159,000","165,000","170,000","175,000","180,000","180,000","188,000","192,500","190,000","195,000","195,000","195,500","197,500","195,000","200,000","210,000","209,995","210,000","219,973","235,000","226,000","226,000","225,000","225,000","208,248","190,000","195,000","200,000","203,850","212,500","222,500","225,500","221,000","215,000","222,500","217,500","227,500","209,000","225,000","229,000","230,000","223,000","225,750","235,000","235,000","248,000","250,000","250,000","270,000","270,000","278,000","300,000"
E09000017,Hillingdon,"70,000","71,250","74,000","74,000","76,000","78,000","82,000","84,000","83,150","88,000","92,000","91,000","92,000","99,995","107,500","114,000","116,000","124,500","128,500","130,000","132,000","135,000","143,125","149,000","149,950","160,000","174,000","180,975","183,748","190,000","195,998","195,500","195,995","208,000","220,000","215,000","215,000","217,000","218,000","222,000","225,000","225,000","234,000","237,000","232,000","242,000","249,000","249,950","245,000","248,000","248,000","240,000","220,000","220,000","237,500","235,000","245,000","250,000","250,000","250,000","249,950","250,000","250,000","245,000","238,000","265,000","260,000","260,000","250,000","259,973","267,750","280,000","285,000","295,000","317,000","325,000","332,000","330,000","360,000"
E09000018,Hounslow,"71,500","73,000","74,000","75,000","74,250","78,050","83,500","86,000","89,973","95,000","98,000","98,250","100,000","109,123","115,000","125,000","125,000","134,000","132,500","133,750","135,000","143,950","155,000","155,000","159,000","169,950","178,500","181,000","185,000","199,950","202,750","202,500","197,000","220,000","220,000","224,000","217,500","220,000","219,475","225,000","228,000","233,495","240,000","240,000","245,000","249,950","250,000","265,000","249,950","250,000","245,000","234,998","224,000","232,000","250,000","238,500","244,000","249,973","250,000","250,000","266,000","250,000","250,000","250,000","249,950","275,000","275,000","265,000","271,750","290,000","280,000","280,000","300,000","323,000","329,950","315,500","323,500","342,500","380,000"
E09000019,Islington,"95,000","102,000","103,500","101,500","109,000","126,000","117,000","119,500","129,950","153,000","148,500","149,998","152,500","160,000","175,000","195,000","195,000","195,000","199,950","209,500","210,000","220,000","215,000","212,748","233,000","238,500","246,500","249,250","234,100","249,950","250,000","244,000","249,925","243,150","255,000","260,000","260,000","265,000","275,000","270,000","278,000","299,000","300,000","310,000","319,999","350,000","360,000","350,000","370,000","363,200","350,000","330,000","340,000","340,000","350,000","346,551","362,500","383,153","395,000","400,000","400,000","395,000","407,000","385,000","385,000","429,750","412,500","394,975","445,000","460,000","465,000","475,500","500,000","525,500","550,000","526,000","542,500","599,975","620,000"
E09000020,Kensington and Chelsea,"178,000","188,000","210,000","195,000","205,000","223,000","239,250","230,000","233,750","245,000","246,000","249,500","260,075","257,630","290,000","315,000","330,000","330,000","345,000","358,500","350,000","350,000","385,000","355,000","370,000","400,000","425,000","394,975","410,000","375,000","405,000","425,000","425,000","455,000","492,500","445,000","450,000","447,000","490,000","470,000","499,999","533,500","512,000","560,000","620,000","650,000","700,000","600,000","695,000","720,000","740,000","617,500","610,000","670,000","700,000","685,000","725,000","739,576","760,000","772,500","791,400","785,250","775,000","815,000","825,000","885,000","950,000","887,857","950,000","925,000","1,050,000","983,342","1,100,000","1,215,000","1,275,000","1,150,000","1,282,500","1,155,000","1,207,750"
E09000021,Kingston upon Thames,"82,500","88,000","87,500","86,000","92,000","88,625","94,495","104,000","100,000","110,625","114,950","106,500","111,500","122,000","134,950","140,000","142,500","153,250","156,000","162,000","155,500","167,000","172,000","180,000","179,000","193,250","204,500","214,000","205,000","215,000","220,000","220,000","219,000","235,000","245,000","237,500","240,000","235,000","245,000","233,550","239,950","249,950","260,000","265,000","265,500","289,975","304,975","297,500","289,000","285,000","300,000","250,000","250,000","250,000","280,000","280,000","300,000","290,000","310,000","309,950","294,000","293,750","306,000","300,000","285,000","340,000","320,000","321,000","321,250","330,000","340,000","345,625","360,000","382,500","395,000","399,950","395,000","400,000","430,000"
E09000022,Lambeth,"65,250","74,500","75,500","76,500","78,000","84,500","87,975","87,125","90,000","106,000","110,000","100,000","103,000","114,305","135,000","127,000","139,995","164,725","163,000","160,000","160,000","177,000","176,375","170,000","170,000","188,000","206,000","206,495","195,000","197,500","210,000","204,000","210,000","220,000","230,000","220,000","217,500","225,000","235,000","234,975","233,000","246,500","249,950","249,995","255,000","280,000","295,000","280,000","281,000","278,000","285,000","250,000","262,250","250,000","280,000","290,000","300,000","305,000","313,000","290,000","293,500","308,500","320,500","309,950","288,250","330,000","337,500","327,975","320,000","335,000","362,000","380,000","395,000","425,000","420,000","430,000","436,500","440,000","490,000"
E09000023,Lewisham,"55,000","56,950","58,500","58,500","59,995","62,000","64,995","67,000","69,250","70,000","75,000","72,000","72,500","80,000","85,000","85,000","90,725","99,250","107,000","105,000","109,000","118,000","128,000","125,000","128,000","139,000","154,000","153,250","155,000","162,000","167,000","170,000","170,000","178,000","185,000","185,000","175,000","184,973","189,998","189,973","187,500","205,000","209,000","208,000","212,500","215,000","234,500","232,495","230,000","227,750","232,000","211,500","205,000","217,250","224,000","214,375","235,000","235,000","238,000","230,000","237,750","234,500","246,000","240,000","235,000","250,000","250,000","250,000","245,000","250,000","266,000","275,000","286,750","315,000","325,000","328,000","323,250","345,000","380,000"
E09000024,Merton,"75,000","79,000","83,000","80,000","80,000","84,000","89,000","86,000","93,000","97,000","98,975","96,950","107,500","119,950","123,000","125,000","137,000","144,000","142,000","136,950","153,000","157,000","169,000","163,000","166,000","185,000","190,000","195,500","195,000","195,000","206,000","205,000","210,000","229,200","235,400","225,000","224,000","230,000","240,000","231,613","234,000","245,000","245,850","245,000","250,000","257,000","270,000","270,000","280,000","269,500","250,000","250,000","246,200","234,950","265,000","268,000","292,500","280,000","298,225","285,000","278,000","281,250","318,500","285,000","250,000","300,000","311,250","295,000","292,000","324,975","330,000","329,950","350,000","395,000","407,500","380,000","381,000","400,000","433,000"
E09000025,Newham,"46,500","48,000","50,000","52,500","52,000","55,000","58,000","59,000","60,000","61,000","64,500","66,000","65,000","68,000","72,500","80,000","85,000","89,995","94,000","99,000","96,748","106,000","112,000","124,995","125,000","137,500","145,500","158,000","160,000","172,000","173,000","180,000","179,000","185,850","190,000","194,000","192,750","192,500","200,000","200,000","205,000","210,000","216,000","215,000","220,000","230,000","237,000","235,000","245,000","245,000","215,000","200,000","205,000","195,250","196,000","196,500","219,500","220,000","227,000","215,000","210,000","215,000","220,000","220,000","216,000","220,000","215,000","222,625","227,000","223,500","231,000","235,000","240,000","259,500","270,000","270,000","280,000","294,000","305,000"
E09000026,Redbridge,"70,000","69,000","71,875","74,000","74,000","75,000","78,500","80,000","83,000","85,000","86,500","85,000","90,000","94,000","102,000","103,625","110,000","117,500","124,995","124,000","126,000","135,000","142,000","145,000","144,995","163,000","175,000","183,000","188,000","190,000","199,475","205,000","209,000","220,000","230,000","222,500","221,500","222,000","230,000","230,975","225,000","236,000","245,000","247,000","249,995","250,000","262,250","261,750","270,000","259,950","250,000","235,000","215,000","230,000","240,000","233,000","245,000","236,750","265,000","268,125","250,000","250,000","260,000","261,000","250,000","274,000","270,000","268,000","260,000","270,000","285,000","275,000","285,000","291,000","315,000","320,000","320,000","342,000","360,000"
E09000027,Richmond upon Thames,"117,250","117,000","119,950","119,000","125,000","131,950","140,050","143,000","150,000","153,500","160,000","162,500","168,000","170,000","190,000","193,000","202,000","219,973","227,000","218,000","215,000","220,000","235,000","225,000","237,500","244,950","264,950","269,950","250,000","250,000","280,000","270,000","278,000","299,950","304,500","289,950","290,000","302,000","300,000","300,000","315,000","313,000","342,000","350,000","349,950","375,000","398,950","402,125","377,000","390,000","385,000","320,000","340,000","350,000","390,000","409,500","395,000","390,000","417,500","395,000","400,000","412,750","460,000","400,000","415,000","425,000","450,000","431,000","445,000","475,000","480,000","485,000","475,000","550,000","565,000","546,475","550,000","570,000","620,000"
E09000028,Southwark,"65,495","72,000","74,572","71,000","75,998","85,000","87,000","87,985","88,500","100,000","104,725","100,250","105,000","112,000","129,950","130,000","146,000","145,000","164,750","170,000","176,250","182,000","178,000","180,000","175,500","195,000","192,000","195,000","192,500","200,000","212,000","218,250","205,000","225,000","228,000","230,000","228,000","240,000","240,000","240,000","235,000","242,500","249,950","250,000","250,000","275,000","288,000","290,000","273,000","280,000","294,000","275,000","280,000","290,000","285,000","285,000","285,000","316,500","325,000","320,000","310,000","325,000","336,000","311,500","310,000","340,000","345,000","340,000","307,750","363,500","345,000","365,000","376,278","420,000","430,000","443,975","430,000","470,000","500,000"
E09000029,Sutton,"63,700","68,000","71,725","70,000","69,000","73,000","75,000","80,000","81,250","83,950","85,725","88,000","90,000","95,000","97,700","104,500","107,950","120,000","120,000","125,000","120,000","127,500","136,000","139,950","137,500","155,000","161,250","165,000","172,500","178,000","173,750","178,000","169,950","186,000","195,000","194,825","197,000","198,000","206,600","200,000","205,000","211,000","210,000","216,500","219,950","229,000","240,000","246,973","240,000","242,500","222,500","211,250","209,500","214,850","219,975","206,500","231,500","234,950","235,000","243,750","226,000","230,000","235,000","236,500","230,000","240,000","247,000","245,000","245,000","250,000","250,000","249,950","263,000","279,000","295,000","305,000","300,000","320,000","320,000"
E09000030,Tower Hamlets,"68,500","67,445","84,000","84,000","90,000","90,000","96,250","99,950","98,475","117,950","114,975","122,000","124,000","133,000","152,750","145,000","142,000","165,000","174,475","169,998","172,500","190,000","185,000","180,000","185,000","200,000","205,000","211,500","198,500","210,000","200,000","222,500","209,500","235,500","240,000","235,000","240,000","239,995","235,000","230,000","237,500","245,000","249,999","250,000","250,000","295,000","299,950","300,000","300,000","305,000","290,000","265,000","269,788","290,000","286,000","300,000","310,000","291,635","310,000","305,000","295,000","299,250","300,000","300,000","277,000","310,000","312,500","312,500","300,000","325,000","325,000","350,000","375,000","382,650","390,200","385,000","380,000","425,000","425,000"
E09000031,Waltham Forest,"55,000","53,000","57,000","58,000","57,000","60,000","65,000","65,000","68,000","71,500","70,000","74,408","74,000","77,000","81,995","84,995","88,000","96,000","100,000","101,500","107,500","112,250","122,500","125,250","131,995","142,500","158,000","160,000","165,000","167,000","176,650","180,000","180,000","185,625","195,000","195,000","189,995","200,000","200,000","199,995","205,000","210,000","220,000","225,000","230,000","237,000","247,500","247,000","240,000","242,000","230,000","210,000","210,000","207,500","217,750","217,750","230,000","225,000","235,000","230,000","228,500","228,000","235,500","239,750","230,000","249,997","246,500","242,500","244,000","250,000","272,500","282,500","287,250","300,000","335,000","350,000","335,000","365,000","390,000"
E09000032,Wandsworth,"86,500","92,500","98,000","93,500","96,225","106,250","115,000","110,000","115,000","124,975","131,000","126,000","130,000","145,000","165,000","167,000","175,000","182,500","188,000","185,000","190,500","207,950","212,250","200,000","203,000","236,750","245,000","243,000","235,000","237,250","240,000","249,000","249,950","264,000","277,500","250,000","263,000","277,450","285,000","280,000","285,000","302,000","325,000","330,000","339,975","355,000","378,787","355,500","355,000","360,000","355,000","325,000","315,000","340,000","360,000","365,000","364,740","370,750","397,500","375,000","375,000","387,500","409,000","382,500","390,000","403,000","435,000","430,000","415,000","450,000","495,000","475,000","519,520","535,000","551,300","525,000","525,000","525,000","605,000"
E09000033,Westminster,"125,000","132,000","137,875","142,500","147,250","164,950","174,000","161,750","170,000","190,000","180,000","172,750","210,000","205,205","225,000","230,000","249,950","260,000","250,000","270,000","262,000","275,000","289,950","290,000","295,000","320,000","319,500","330,000","315,000","325,000","327,500","335,000","337,429","350,000","352,500","355,000","368,000","375,000","388,000","375,000","400,000","435,000","415,000","400,000","443,500","465,000","485,000","515,001","499,000","491,000","495,000","500,000","450,000","490,000","499,000","535,000","585,000","557,500","575,000","615,000","600,000","627,500","605,000","570,000","550,000","650,000","625,000","725,000","695,000","750,625","747,475","705,000","775,000","881,951","942,500","899,500","869,400","879,875","865,000"
,,,,,,,,,,,,,,,,,,,,,,,,,,,,,,,,,,,,,,,,,,,,,,,,,,,,,,,,,,,,,,,,,,,,,,,,,,,,,,,,
E13000001,Inner London,"80,000","85,000","91,000","89,200","92,500","101,000","105,000","102,000","106,500","119,500","121,000","115,000","125,000","138,000","152,000","150,000","160,000","170,000","172,500","173,500","176,250","185,000","190,000","185,000","190,000","215,000","223,000","222,000","212,500","220,000","227,000","230,000","230,000","243,000","248,000","242,500","245,255","250,000","250,000","249,950","250,000","275,000","280,000","280,000","294,950","315,000","325,000","315,000","310,000","320,000","323,000","296,000","300,000","315,000","330,000","330,000","342,000","350,000","362,322","347,000","354,742","360,000","370,000","350,000","332,000","380,000","380,000","375,000","365,000","399,000","425,000","416,250","440,000","475,000","480,000","467,500","470,000","485,000","521,000"
E13000002,Outer London,"70,000","73,000","75,000","75,000","75,000","79,000","83,000","84,500","85,000","90,000","92,000","91,500","94,500","103,000","110,000","114,950","118,000","126,500","129,570","128,000","130,000","138,000","147,000","145,500","150,000","163,250","175,995","180,000","182,000","186,000","194,500","196,000","196,000","210,000","216,000","215,000","211,000","217,500","220,000","220,000","220,000","228,000","235,500","235,000","238,000","245,000","250,000","250,000","249,950","249,995","249,950","234,995","225,500","230,000","242,000","240,000","249,995","250,000","260,000","250,000","250,000","250,000","264,000","250,000","249,950","272,500","275,000","269,950","265,000","275,000","285,000","285,000","292,000","315,000","330,000","326,000","325,275","342,000","370,000"
,,,,,,,,,,,,,,,,,,,,,,,,,,,,,,,,,,,,,,,,,,,,,,,,,,,,,,,,,,,,,,,,,,,,,,,,,,,,,,,,
E12000001,North East,"41,850","44,500","45,000","45,000","45,000","47,000","47,500","47,000","46,000","48,570","48,500","49,950","47,000","50,000","52,000","52,000","49,995","52,000","52,500","52,000","49,000","54,995","56,250","56,950","55,000","59,950","63,000","67,000","63,500","74,950","80,000","85,000","83,450","96,000","102,000","101,000","95,000","105,000","110,000","114,000","111,000","119,375","120,000","121,000","119,000","123,000","123,500","124,000","119,000","122,500","120,000","115,000","110,000","120,000","121,000","127,500","115,000","124,950","125,000","121,998","115,000","119,500","117,000","118,000","115,000","119,950","122,000","120,000","117,500","123,260","124,000","124,000","122,000","128,000","129,950","130,000","120,000","125,000","125,000"
E12000002,North West,"44,500","46,150","47,500","47,500","47,000","49,950","50,000","49,500","48,500","51,000","52,000","51,000","49,950","53,000","55,000","55,000","54,000","56,800","57,000","57,000","56,500","59,995","62,950","61,500","61,500","69,500","73,500","74,950","74,000","81,950","87,500","92,500","92,000","106,000","115,000","114,000","110,000","116,000","119,950","120,000","119,950","126,250","129,950","132,000","128,500","135,000","136,000","136,000","129,500","130,500","130,000","125,000","120,000","125,000","131,252","135,000","123,000","132,000","135,000","129,950","124,645","125,000","130,000","128,000","127,000","126,000","132,500","130,000","125,000","130,000","135,000","135,000","131,500","139,950","141,000","140,000","133,000","139,000","142,000"
E12000003,Yorkshire And The Humber,"44,999","46,500","47,000","48,000","47,000","49,500","49,995","49,000","48,000","50,000","51,500","50,000","49,950","53,000","54,000","54,950","53,000","56,000","57,500","57,500","55,000","59,950","60,000","61,950","60,000","69,500","73,000","77,000","75,000","84,950","89,950","95,000","95,533","111,000","117,000","116,000","112,000","119,000","120,000","122,950","120,000","127,500","131,995","132,750","128,000","135,950","138,000","138,000","130,000","133,000","128,000","125,000","120,000","125,000","133,975","138,000","126,363","136,000","138,250","133,000","125,000","130,000","133,000","128,575","128,000","130,000","134,000","130,500","125,000","131,000","137,000","137,500","132,000","140,000","142,000","142,000","131,000","139,950","142,500"
E12000004,East Midlands,"45,000","47,000","48,500","49,000","48,000","50,500","51,950","52,000","50,750","54,000","54,750","54,000","54,000","57,000","58,950","59,917","58,950","61,500","64,000","64,500","64,000","69,950","72,000","73,000","74,000","82,500","88,000","93,000","92,995","103,000","110,000","116,000","116,000","125,000","132,000","132,000","129,000","130,000","132,500","134,950","130,000","136,000","139,950","140,000","139,500","145,000","146,000","146,000","138,500","140,000","139,950","131,000","126,500","130,500","136,000","140,000","132,000","140,000","142,000","139,950","132,000","136,000","138,000","137,000","135,000","136,000","140,000","139,995","135,000","140,000","144,498","145,000","142,000","150,000","154,950","154,950","148,000","155,000","156,725"
E12000005,East of England,"49,000","50,000","52,500","53,000","52,000","55,000","55,950","55,000","54,500","57,250","58,950","58,000","57,200","60,000","64,000","64,000","63,000","67,000","68,500","69,500","69,995","75,000","77,950","79,000","79,350","87,500","93,000","95,500","95,500","105,000","112,000","119,000","117,679","126,998","134,950","134,500","129,000","132,760","135,000","136,000","135,000","140,000","145,000","145,750","140,000","147,000","149,950","149,950","142,000","144,000","145,000","137,500","130,000","137,000","145,000","147,000","140,000","147,970","150,500","146,500","138,000","142,500","145,000","140,000","140,000","140,000","148,000","146,000","191,000","195,000","205,000","202,950","148,000","155,000","159,500","158,000","223,500","227,500","240,000"
E12000006,East of England,"55,500","58,000","59,995","59,995","59,950","63,000","65,000","65,000","65,000","69,000","70,500","70,000","70,000","74,250","78,000","79,950","80,000","85,500","89,950","90,000","89,995","97,000","104,000","107,000","110,000","119,950","130,000","135,000","137,500","143,000","148,000","151,995","153,500","161,000","169,000","169,000","165,000","167,995","171,000","171,000","170,000","175,000","182,000","182,500","183,000","187,500","195,000","195,000","190,000","190,000","189,950","175,000","167,500","172,000","180,000","175,000","195,000","190,000","199,995","193,000","185,000","187,000","193,500","189,995","185,000","193,500","197,973","195,000","191,000","195,000","205,000","202,950","202,000","210,000","222,000","222,500","223,500","227,500","240,000"
E12000007,London,"72,300","76,000","79,995","79,000","80,000","85,000","88,995","89,900","90,000","98,000","100,000","98,000","104,000","115,000","124,000","125,000","130,000","140,000","141,225","141,000","144,500","153,250","160,000","157,500","161,500","179,000","189,950","190,000","190,000","197,000","205,000","207,000","208,000","220,000","229,000","225,000","225,000","230,000","235,000","230,000","235,000","243,000","249,950","249,500","250,000","260,000","275,000","270,000","263,500","270,000","264,775","249,999","249,500","250,000","270,000","265,000","280,000","283,000","300,000","287,500","288,000","290,000","303,000","286,000","271,975","312,000","314,850","305,000","300,000","319,000","335,000","329,950","339,973","367,500","380,000","370,000","370,000","390,000","415,000"
E12000008,South East,"64,000","68,000","71,000","70,000","69,950","73,500","76,500","77,750","78,000","83,000","85,500","84,500","84,250","89,995","95,500","98,050","100,000","111,000","115,000","117,000","116,000","125,000","129,950","130,000","131,000","142,000","154,950","159,995","159,950","165,000","172,500","175,000","174,000","183,500","193,000","190,000","187,000","190,000","195,000","194,000","190,491","199,995","210,000","210,000","207,000","217,000","226,500","225,000","217,000","220,000","220,000","200,000","188,625","199,000","211,500","207,000","227,500","225,000","235,000","225,000","217,000","220,000","228,000","223,000","215,000","230,000","237,000","232,000","225,000","232,000","240,000","239,500","239,000","245,000","250,000","250,000","250,000","262,500","280,000"
E12000009,South West,"54,500","57,000","59,000","59,000","58,001","60,000","63,500","63,500","63,500","66,500","68,000","67,950","67,500","72,000","76,995","78,000","79,000","84,950","87,500","87,500","87,950","95,000","102,000","102,000","105,500","118,000","129,950","134,950","135,000","140,000","148,000","150,000","152,500","162,000","172,000","170,000","168,000","168,000","171,500","170,000","169,500","175,000","183,000","183,175","184,000","190,000","196,950","195,000","188,000","188,500","188,000","174,500","167,966","174,000","180,000","175,000","190,000","190,000","195,000","189,000","180,500","185,000","190,000","185,000","180,000","189,000","191,000","187,000","184,500","187,000","195,000","192,000","190,000","198,000","210,000","205,000","205,000","210,000","220,000"
,,,,,,,,,,,,,,,,,,,,,,,,,,,,,,,,,,,,,,,,,,,,,,,,,,,,,,,,,,,,,,,,,,,,,,,,,,,,,,,,
E92000001,England,"54,500","57,000","59,000","59,000","59,000","60,000","63,500","63,000","63,000","66,000","68,000","67,000","67,750","72,000","76,500","77,000","78,000","82,000","83,950","84,000","85,000","91,000","95,500","95,000","97,000","110,000","120,000","122,500","123,500","127,500","135,000","139,995","141,000","150,000","159,950","157,000","155,000","157,000","162,000","161,452","160,000","165,000","173,500","172,000","170,000","176,000","184,000","180,000","175,000","176,000","175,000","165,000","159,995","165,000","175,000","174,000","185,000","182,500","190,000","182,000","175,000","177,000","184,000","179,945","177,950","182,000","190,000","184,950","180,000","184,000","193,500","190,000","189,950","195,000","205,000","201,000","198,000","200,000","215,000"
W92000004,Wales,"44,000","45,000","46,950","46,000","45,000","48,500","48,950","48,950","47,250","49,950","50,000","50,000","49,950","52,950","55,000","55,000","53,960","57,000","58,000","57,000","56,000","60,000","62,000","60,000","61,500","69,500","74,500","76,000","75,750","83,500","89,950","95,000","99,950","112,500","122,000","124,500","118,000","123,000","127,000","127,975","125,000","132,000","135,000","137,000","135,000","140,000","144,000","141,000","135,000","136,500","135,000","132,000","125,000","130,000","134,725","137,500","125,000","135,000","139,997","133,000","125,000","130,000","135,000","132,500","130,000","131,000","135,000","133,000","130,000","132,500","137,000","135,000","134,000","138,000","143,000","142,973","135,000","140,000","140,000"
K04000001,England And Wales,"54,000","56,000","58,500","58,000","58,000","60,000","62,500","62,000","61,950","65,000","67,500","66,000","66,950","71,000","75,000","75,950","76,500","80,000","82,000","82,500","83,725","89,950","94,000","92,995","95,000","107,000","118,000","120,000","120,000","125,000","133,000","137,500","139,950","148,000","157,500","155,000","152,000","155,000","160,415","160,000","158,500","164,995","171,000","170,000","169,950","175,000","180,000","179,950","173,500","175,000","173,500","162,000","157,000","162,500","174,950","172,000","185,000","180,000","186,709","180,000","173,000","175,000","180,000","175,000","175,000","179,995","185,000","180,000","178,500","180,000","190,000","187,000","185,000","190,000","200,000","198,000","194,000","197,500","210,000"
